N,CritInt,LogBetaCrit
10,0.008912509381337459,-2.05
15,0.0044668359215096305,-2.35
20,0.0031622776601683794,-2.5
25,0.001995262314968879,-2.7
30,0.0012589254117941675,-2.9
