N,CritInt,LogBetaCrit
10,0.08912509381337455,-1.05
15,0.1,-1
20,0.08912509381337455,-1.05
25,0.07943282347242814,-1.1
30,0.08912509381337455,-1.05
